	taxon	sample_id	tolerance	reaction	flux	abundance	metabolite	direction
36	medium	oilspill	1e-06	EX_k_m	-0.04725828753666965		k_m	import
37	medium	oilspill	1e-06	EX_o2_m	-2.9688513861526573		o2_m	import
61	medium	oilspill	1e-06	EX_zn2_m	-8.255970270330236e-05		zn2_m	import
86	medium	oilspill	1e-06	EX_no3_m	-1.0639457456875228		no3_m	import
95	medium	oilspill	1e-06	EX_nh4_m	-1.5082932096946458		nh4_m	import
105	medium	oilspill	1e-06	EX_ca2_m	-0.0012601854914242967		ca2_m	import
122	medium	oilspill	1e-06	EX_h2o_m	3.2960361102774876		h2o_m	export
124	medium	oilspill	1e-06	EX_thm_m	-3.0737061145202915e-05		thm_m	import
145	medium	oilspill	1e-06	EX_cobalt2_m	-2.4211056540934806e-05		cobalt2_m	import
147	medium	oilspill	1e-06	EX_pi_m	-0.2387435334897109		pi_m	import
155	medium	oilspill	1e-06	EX_fe3_m	-0.00351617173719454		fe3_m	import
162	medium	oilspill	1e-06	EX_glyb_m	-0.13860408463992366		glyb_m	import
229	medium	oilspill	1e-06	EX_mn2_m	-0.00016729840049301004		mn2_m	import
237	medium	oilspill	1e-06	EX_h2co3_m	5.332447539723183		h2co3_m	export
251	medium	oilspill	1e-06	EX_glycogen1500_m	-0.0016626037783567375		glycogen1500_m	import
276	medium	oilspill	1e-06	EX_so4_m	-0.06064846543168234		so4_m	import
286	medium	oilspill	1e-06	EX_dxyl_m	-0.0010659279637025066		dxyl_m	import
323	medium	oilspill	1e-06	EX_tol_m	-2.2526404329425986e-05		tol_m	import
329	medium	oilspill	1e-06	EX_mg2_m	-0.002100309152380575		mg2_m	import
330	medium	oilspill	1e-06	EX_cl_m	-0.0012601854914109367		cl_m	import
338	medium	oilspill	1e-06	EX_cu2_m	-0.00017165637322266188		cu2_m	import
424	Acinetobacter_sp	oilspill	1e-06	EX_acald_e	-26.289548757041757	0.1	acald_e	import
428	Acinetobacter_sp	oilspill	1e-06	EX_asp__L_e	13.809614369555788	0.1	asp__L_e	export
430	Acinetobacter_sp	oilspill	1e-06	EX_cytd_e	-0.023756931550792615	0.1	cytd_e	import
432	Acinetobacter_sp	oilspill	1e-06	EX_glyb_e	-0.027347483164476216	0.1	glyb_e	import
433	Acinetobacter_sp	oilspill	1e-06	EX_akg_e	54.288779913886856	0.1	akg_e	export
434	Acinetobacter_sp	oilspill	1e-06	EX_meoh_e	19.340785340108216	0.1	meoh_e	export
446	Acinetobacter_sp	oilspill	1e-06	EX_fe2_e	0.007645712804667387	0.1	fe2_e	export
448	Acinetobacter_sp	oilspill	1e-06	EX_pac_e	55.53789633568947	0.1	pac_e	export
449	Acinetobacter_sp	oilspill	1e-06	EX_thymd_e	-0.39541350021485755	0.1	thymd_e	import
456	Acinetobacter_sp	oilspill	1e-06	EX_icit_e	10.499412897102047	0.1	icit_e	export
458	Acinetobacter_sp	oilspill	1e-06	EX_h2o_e	-100.0	0.1	h2o_e	import
459	Acinetobacter_sp	oilspill	1e-06	EX_his__L_e	-0.01685804731744156	0.1	his__L_e	import
471	Acinetobacter_sp	oilspill	1e-06	EX_tol_e	-0.00022526404329425986	0.1	tol_e	import
472	Acinetobacter_sp	oilspill	1e-06	EX_man6p_e	-100.0	0.1	man6p_e	import
484	Acinetobacter_sp	oilspill	1e-06	EX_h2_e	0.025323191690176827	0.1	h2_e	export
486	Acinetobacter_sp	oilspill	1e-06	EX_o2_e	-0.0207656375306442	0.1	o2_e	import
494	Acinetobacter_sp	oilspill	1e-06	EX_gthox_e	17.52385260370525	0.1	gthox_e	export
496	Acinetobacter_sp	oilspill	1e-06	EX_etoh_e	26.675498667878628	0.1	etoh_e	export
512	Acinetobacter_sp	oilspill	1e-06	EX_nh4_e	48.66547505422295	0.1	nh4_e	export
514	Acinetobacter_sp	oilspill	1e-06	EX_gthrd_e	-100.0	0.1	gthrd_e	import
524	Acinetobacter_sp	oilspill	1e-06	EX_fald_e	-19.286090373779302	0.1	fald_e	import
528	Acinetobacter_sp	oilspill	1e-06	EX_fol_e	-0.00011904445580057654	0.1	fol_e	import
529	Acinetobacter_sp	oilspill	1e-06	EX_mg2_e	-0.0015436631602909756	0.1	mg2_e	import
531	Acinetobacter_sp	oilspill	1e-06	EX_ala__L_e	100.61827859601249	0.1	ala__L_e	export
534	Acinetobacter_sp	oilspill	1e-06	EX_bz_e	0.00020746965515172633	0.1	bz_e	export
544	Acinetobacter_sp	oilspill	1e-06	EX_cobalt2_e	-1.7794388043057552e-05	0.1	cobalt2_e	import
552	Acinetobacter_sp	oilspill	1e-06	EX_ile__L_e	-0.05169785755560952	0.1	ile__L_e	import
559	Acinetobacter_sp	oilspill	1e-06	EX_leu__L_e	-0.08016923426709759	0.1	leu__L_e	import
568	Acinetobacter_sp	oilspill	1e-06	EX_pacald_e	-55.53789633568947	0.1	pacald_e	import
572	Acinetobacter_sp	oilspill	1e-06	EX_trp__L_e	-5.825945943679358	0.1	trp__L_e	import
573	Acinetobacter_sp	oilspill	1e-06	EX_man1p_e	44.97591049317373	0.1	man1p_e	export
579	Acinetobacter_sp	oilspill	1e-06	EX_pro__L_e	-0.03933538442618101	0.1	pro__L_e	import
580	Acinetobacter_sp	oilspill	1e-06	EX_thym_e	0.390699944773486	0.1	thym_e	export
582	Acinetobacter_sp	oilspill	1e-06	EX_pi_e	54.848620292226656	0.1	pi_e	export
591	Acinetobacter_sp	oilspill	1e-06	EX_arg__L_e	-0.05263437619680644	0.1	arg__L_e	import
592	Acinetobacter_sp	oilspill	1e-06	EX_asn__L_e	0.39577267729168975	0.1	asn__L_e	export
593	Acinetobacter_sp	oilspill	1e-06	EX_no2_e	-10.622247470824732	0.1	no2_e	import
596	Acinetobacter_sp	oilspill	1e-06	EX_val__L_e	-0.07540158388621876	0.1	val__L_e	import
600	Acinetobacter_sp	oilspill	1e-06	EX_so4_e	-0.0007719205520828609	0.1	so4_e	import
603	Acinetobacter_sp	oilspill	1e-06	EX_abt__L_e	42.06906854324416	0.1	abt__L_e	export
608	Acinetobacter_sp	oilspill	1e-06	EX_ins_e	54.867305956668815	0.1	ins_e	export
611	Acinetobacter_sp	oilspill	1e-06	EX_thm_e	-3.968148527633275e-05	0.1	thm_e	import
614	Acinetobacter_sp	oilspill	1e-06	EX_cl_e	-0.0009261978962058492	0.1	cl_e	import
615	Acinetobacter_sp	oilspill	1e-06	EX_fe3_e	-0.010229991776095073	0.1	fe3_e	import
616	Acinetobacter_sp	oilspill	1e-06	EX_ser__D_e	125.17589863381284	0.1	ser__D_e	export
618	Acinetobacter_sp	oilspill	1e-06	EX_h2o2_e	-17.52385260370525	0.1	h2o2_e	import
625	Acinetobacter_sp	oilspill	1e-06	EX_id3acald_e	5.815831079700047	0.1	id3acald_e	export
632	Acinetobacter_sp	oilspill	1e-06	EX_orn_e	0.05263437619680644	0.1	orn_e	export
640	Acinetobacter_sp	oilspill	1e-06	EX_ala__D_e	-100.0	0.1	ala__D_e	import
651	Acinetobacter_sp	oilspill	1e-06	EX_arab__L_e	-42.06906854324416	0.1	arab__L_e	import
657	Acinetobacter_sp	oilspill	1e-06	EX_cgly_e	64.9522947925895	0.1	cgly_e	export
659	Acinetobacter_sp	oilspill	1e-06	EX_ca2_e	-0.0009261978962058492	0.1	ca2_e	import
662	Acinetobacter_sp	oilspill	1e-06	EX_cu2_e	-0.0001261621981996086	0.1	cu2_e	import
663	Acinetobacter_sp	oilspill	1e-06	EX_k_e	-0.03473339979780121	0.1	k_e	import
668	Acinetobacter_sp	oilspill	1e-06	EX_ser__L_e	-100.0	0.1	ser__L_e	import
670	Acinetobacter_sp	oilspill	1e-06	EX_gly_e	-8.948290146917202	0.1	gly_e	import
671	Acinetobacter_sp	oilspill	1e-06	EX_mal__L_e	-14.382007024527411	0.1	mal__L_e	import
678	Acinetobacter_sp	oilspill	1e-06	EX_h2s_e	-0.043785760868672696	0.1	h2s_e	import
680	Acinetobacter_sp	oilspill	1e-06	EX_glyc__R_e	-20.871606688161023	0.1	glyc__R_e	import
683	Acinetobacter_sp	oilspill	1e-06	EX_mn2_e	-0.0001229592211302588	0.1	mn2_e	import
684	Acinetobacter_sp	oilspill	1e-06	EX_zn2_e	-6.067886313057315e-05	0.1	zn2_e	import
688	Acinetobacter_sp	oilspill	1e-06	EX_uri_e	-0.03039245884144748	0.1	uri_e	import
690	Acinetobacter_sp	oilspill	1e-06	EX_dha_e	17.32852275661969	0.1	dha_e	export
701	Acinetobacter_sp	oilspill	1e-06	EX_lys__L_e	-0.06106339985557365	0.1	lys__L_e	import
722	Acinetobacter_sp	oilspill	1e-06	EX_h_e	35.06290842890144	0.1	h_e	export
728	Acinetobacter_sp	oilspill	1e-06	EX_hxan_e	-54.867305956668815	0.1	hxan_e	import
744	Alcanivorax_sp	oilspill	1e-06	EX_acald_e	99.43958255519692	0.1	acald_e	export
750	Alcanivorax_sp	oilspill	1e-06	EX_glyb_e	-0.050220270910926956	0.1	glyb_e	import
751	Alcanivorax_sp	oilspill	1e-06	EX_meoh_e	31.644573424819555	0.1	meoh_e	export
753	Alcanivorax_sp	oilspill	1e-06	EX_met__L_e	0.0259283135841315	0.1	met__L_e	export
758	Alcanivorax_sp	oilspill	1e-06	EX_glyclt_e	0.00014099154077484854	0.1	glyclt_e	export
760	Alcanivorax_sp	oilspill	1e-06	EX_glu__L_e	-0.6301683051125337	0.1	glu__L_e	import
767	Alcanivorax_sp	oilspill	1e-06	EX_h2o_e	-100.0	0.1	h2o_e	import
768	Alcanivorax_sp	oilspill	1e-06	EX_his__L_e	-0.01497450290352731	0.1	his__L_e	import
774	Alcanivorax_sp	oilspill	1e-06	EX_lac__L_e	62.727436389356626	0.1	lac__L_e	export
785	Alcanivorax_sp	oilspill	1e-06	EX_o2_e	-2.828541576651975	0.1	o2_e	import
788	Alcanivorax_sp	oilspill	1e-06	EX_gthox_e	-54.02013426545357	0.1	gthox_e	import
789	Alcanivorax_sp	oilspill	1e-06	EX_etoh_e	-100.0	0.1	etoh_e	import
790	Alcanivorax_sp	oilspill	1e-06	EX_phe__L_e	-0.029283405607273494	0.1	phe__L_e	import
794	Alcanivorax_sp	oilspill	1e-06	EX_gthrd_e	108.04003902449755	0.1	gthrd_e	export
795	Alcanivorax_sp	oilspill	1e-06	EX_adn_e	-0.03229164664617201	0.1	adn_e	import
799	Alcanivorax_sp	oilspill	1e-06	EX_fald_e	-31.54413288299759	0.1	fald_e	import
803	Alcanivorax_sp	oilspill	1e-06	EX_mg2_e	-0.001371190152667623	0.1	mg2_e	import
805	Alcanivorax_sp	oilspill	1e-06	EX_ala__L_e	-100.0	0.1	ala__L_e	import
806	Alcanivorax_sp	oilspill	1e-06	EX_bz_e	-1.5806226572427338e-05	0.1	bz_e	import
808	Alcanivorax_sp	oilspill	1e-06	EX_gua_e	-0.03844516869912695	0.1	gua_e	import
809	Alcanivorax_sp	oilspill	1e-06	EX_cobalt2_e	-1.5806226542736113e-05	0.1	cobalt2_e	import
815	Alcanivorax_sp	oilspill	1e-06	EX_ile__L_e	-0.04592167191685803	0.1	ile__L_e	import
817	Alcanivorax_sp	oilspill	1e-06	EX_glc__D_e	-0.19790001538852664	0.1	glc__D_e	import
819	Alcanivorax_sp	oilspill	1e-06	EX_leu__L_e	-0.0712119505121791	0.1	leu__L_e	import
829	Alcanivorax_sp	oilspill	1e-06	EX_pro__L_e	0.17083159405535753	0.1	pro__L_e	export
830	Alcanivorax_sp	oilspill	1e-06	EX_thym_e	-0.0041869113492793986	0.1	thym_e	import
832	Alcanivorax_sp	oilspill	1e-06	EX_pi_e	-0.1558640935260609	0.1	pi_e	import
838	Alcanivorax_sp	oilspill	1e-06	EX_arg__L_e	-0.04675355361985112	0.1	arg__L_e	import
839	Alcanivorax_sp	oilspill	1e-06	EX_asn__L_e	-0.03810169939632626	0.1	asn__L_e	import
840	Alcanivorax_sp	oilspill	1e-06	EX_no2_e	-0.0001147532048260334	0.1	no2_e	import
841	Alcanivorax_sp	oilspill	1e-06	EX_val__L_e	-0.06688594436933215	0.1	val__L_e	import
843	Alcanivorax_sp	oilspill	1e-06	EX_so4_e	-0.0006856741074910851	0.1	so4_e	import
849	Alcanivorax_sp	oilspill	1e-06	EX_cl_e	-0.0008227140916300356	0.1	cl_e	import
850	Alcanivorax_sp	oilspill	1e-06	EX_fe3_e	-0.00229553828103235	0.1	fe3_e	import
851	Alcanivorax_sp	oilspill	1e-06	EX_ser__D_e	-62.501551637991724	0.1	ser__D_e	import
853	Alcanivorax_sp	oilspill	1e-06	EX_h2o2_e	54.02013426545357	0.1	h2o2_e	export
857	Alcanivorax_sp	oilspill	1e-06	EX_ura_e	-0.04809929574773264	0.1	ura_e	import
859	Alcanivorax_sp	oilspill	1e-06	EX_orn_e	0.32552246163152176	0.1	orn_e	export
860	Alcanivorax_sp	oilspill	1e-06	EX_skm_e	-0.030921879050879397	0.1	skm_e	import
863	Alcanivorax_sp	oilspill	1e-06	EX_ala__D_e	37.26054503016627	0.1	ala__D_e	export
871	Alcanivorax_sp	oilspill	1e-06	EX_cgly_e	0.00022950640959606972	0.1	cgly_e	export
873	Alcanivorax_sp	oilspill	1e-06	EX_ca2_e	-0.0008227140916687858	0.1	ca2_e	import
876	Alcanivorax_sp	oilspill	1e-06	EX_cu2_e	-0.00011206613480396754	0.1	cu2_e	import
877	Alcanivorax_sp	oilspill	1e-06	EX_k_e	-0.03085264777860175	0.1	k_e	import
881	Alcanivorax_sp	oilspill	1e-06	EX_gly_e	124.39234941781342	0.1	gly_e	export
883	Alcanivorax_sp	oilspill	1e-06	EX_h2s_e	-0.06485715281564808	0.1	h2s_e	import
887	Alcanivorax_sp	oilspill	1e-06	EX_mn2_e	-0.00010922102546828683	0.1	mn2_e	import
888	Alcanivorax_sp	oilspill	1e-06	EX_zn2_e	-5.389923251186701e-05	0.1	zn2_e	import
897	Alcanivorax_sp	oilspill	1e-06	EX_lys__L_e	-0.054240805071628984	0.1	lys__L_e	import
903	Alcanivorax_sp	oilspill	1e-06	EX_co2_e	-61.89426297886632	0.1	co2_e	import
904	Alcanivorax_sp	oilspill	1e-06	EX_pnto__R_e	-9.104386504077411e-05	0.1	pnto__R_e	import
908	Alcanivorax_sp	oilspill	1e-06	EX_h_e	61.35007880746855	0.1	h_e	export
913	Alcanivorax_sp	oilspill	1e-06	EX_for_e	0.00031723096674366456	0.1	for_e	export
921	Alteromonas_sp	oilspill	1e-06	EX_acald_e	100.0	0.1	acald_e	export
923	Alteromonas_sp	oilspill	1e-06	EX_asp__L_e	-9.104298391223171	0.1	asp__L_e	import
925	Alteromonas_sp	oilspill	1e-06	EX_cytd_e	-0.028396451107028042	0.1	cytd_e	import
931	Alteromonas_sp	oilspill	1e-06	EX_glyc_e	100.0	0.1	glyc_e	export
936	Alteromonas_sp	oilspill	1e-06	EX_glyclt_e	0.0001422927898602211	0.1	glyclt_e	export
938	Alteromonas_sp	oilspill	1e-06	EX_glu__L_e	-31.050376269204207	0.1	glu__L_e	import
939	Alteromonas_sp	oilspill	1e-06	EX_fe2_e	-0.0014282452675757895	0.1	fe2_e	import
942	Alteromonas_sp	oilspill	1e-06	EX_thymd_e	-0.016877115969919032	0.1	thymd_e	import
947	Alteromonas_sp	oilspill	1e-06	EX_icit_e	39.544813256484645	0.1	icit_e	export
950	Alteromonas_sp	oilspill	1e-06	EX_h2o_e	191.38521725852047	0.1	h2o_e	export
951	Alteromonas_sp	oilspill	1e-06	EX_his__L_e	-0.02015027552636184	0.1	his__L_e	import
958	Alteromonas_sp	oilspill	1e-06	EX_lac__L_e	-100.0	0.1	lac__L_e	import
966	Alteromonas_sp	oilspill	1e-06	EX_man6p_e	-55.350874424509584	0.1	man6p_e	import
967	Alteromonas_sp	oilspill	1e-06	EX_pyr_e	-41.251033611932485	0.1	pyr_e	import
973	Alteromonas_sp	oilspill	1e-06	EX_h2_e	34.16209176309735	0.1	h2_e	export
974	Alteromonas_sp	oilspill	1e-06	EX_o2_e	-2.5060829350930804	0.1	o2_e	import
977	Alteromonas_sp	oilspill	1e-06	EX_gthox_e	50.0	0.1	gthox_e	export
978	Alteromonas_sp	oilspill	1e-06	EX_etoh_e	-100.0	0.1	etoh_e	import
986	Alteromonas_sp	oilspill	1e-06	EX_nh4_e	-100.0	0.1	nh4_e	import
987	Alteromonas_sp	oilspill	1e-06	EX_gthrd_e	-100.0	0.1	gthrd_e	import
989	Alteromonas_sp	oilspill	1e-06	EX_adn_e	-0.01411434796146626	0.1	adn_e	import
995	Alteromonas_sp	oilspill	1e-06	EX_malt_e	-6.234764168837614	0.1	malt_e	import
998	Alteromonas_sp	oilspill	1e-06	EX_mg2_e	-0.0018451269838037716	0.1	mg2_e	import
1002	Alteromonas_sp	oilspill	1e-06	EX_bz_e	-2.1269475382723613e-05	0.1	bz_e	import
1004	Alteromonas_sp	oilspill	1e-06	EX_glyald_e	-100.0	0.1	glyald_e	import
1006	Alteromonas_sp	oilspill	1e-06	EX_gua_e	-0.05173331942557979	0.1	gua_e	import
1009	Alteromonas_sp	oilspill	1e-06	EX_cobalt2_e	-2.1269475354301903e-05	0.1	cobalt2_e	import
1030	Alteromonas_sp	oilspill	1e-06	EX_man1p_e	61.3107935559085	0.1	man1p_e	export
1031	Alteromonas_sp	oilspill	1e-06	EX_glcn_e	0.0588479796060426	0.1	glcn_e	export
1034	Alteromonas_sp	oilspill	1e-06	EX_pi_e	-6.169655938642222	0.1	pi_e	import
1036	Alteromonas_sp	oilspill	1e-06	EX_thr__L_e	0.2078304607731267	0.1	thr__L_e	export
1040	Alteromonas_sp	oilspill	1e-06	EX_arg__L_e	-0.0629134064315026	0.1	arg__L_e	import
1041	Alteromonas_sp	oilspill	1e-06	EX_asn__L_e	-0.05127113372689962	0.1	asn__L_e	import
1046	Alteromonas_sp	oilspill	1e-06	EX_so4_e	-0.0009226698392836852	0.1	so4_e	import
1054	Alteromonas_sp	oilspill	1e-06	EX_thm_e	-4.743092995340703e-05	0.1	thm_e	import
1055	Alteromonas_sp	oilspill	1e-06	EX_5dglcn_e	-0.0588479796060426	0.1	5dglcn_e	import
1059	Alteromonas_sp	oilspill	1e-06	EX_cl_e	-0.0011070761902374215	0.1	cl_e	import
1060	Alteromonas_sp	oilspill	1e-06	EX_fe3_e	-0.0016607206327989843	0.1	fe3_e	import
1062	Alteromonas_sp	oilspill	1e-06	EX_ser__D_e	-19.878029211789	0.1	ser__D_e	import
1064	Alteromonas_sp	oilspill	1e-06	EX_h2o2_e	-50.0	0.1	h2o2_e	import
1075	Alteromonas_sp	oilspill	1e-06	EX_lac__D_e	-100.0	0.1	lac__D_e	import
1077	Alteromonas_sp	oilspill	1e-06	EX_ala__D_e	235.26036765861295	0.1	ala__D_e	export
1091	Alteromonas_sp	oilspill	1e-06	EX_ca2_e	-0.0011070761902374215	0.1	ca2_e	import
1095	Alteromonas_sp	oilspill	1e-06	EX_cu2_e	-0.00015080056467664394	0.1	cu2_e	import
1096	Alteromonas_sp	oilspill	1e-06	EX_k_e	-0.0415165269567274	0.1	k_e	import
1101	Alteromonas_sp	oilspill	1e-06	EX_gly_e	-76.73009293319333	0.1	gly_e	import
1105	Alteromonas_sp	oilspill	1e-06	EX_h2s_e	-0.05233673444035958	0.1	h2s_e	import
1107	Alteromonas_sp	oilspill	1e-06	EX_glyc__R_e	58.37742541186333	0.1	glyc__R_e	export
1110	Alteromonas_sp	oilspill	1e-06	EX_mn2_e	-0.00014697207444669402	0.1	mn2_e	import
1111	Alteromonas_sp	oilspill	1e-06	EX_zn2_e	-7.252891077769164e-05	0.1	zn2_e	import
1114	Alteromonas_sp	oilspill	1e-06	EX_uri_e	-0.025084793800147054	0.1	uri_e	import
1121	Alteromonas_sp	oilspill	1e-06	EX_lys__L_e	-0.07298854419470047	0.1	lys__L_e	import
1126	Alteromonas_sp	oilspill	1e-06	EX_co2_e	25.169302278684217	0.1	co2_e	export
1128	Alteromonas_sp	oilspill	1e-06	EX_ac_e	8.267848585052121	0.1	ac_e	export
1131	Alteromonas_sp	oilspill	1e-06	EX_h_e	3.368806535420049	0.1	h_e	export
1134	Alteromonas_sp	oilspill	1e-06	EX_ade_e	-0.0055653709116540995	0.1	ade_e	import
1141	Alteromonas_sp	oilspill	1e-06	EX_for_e	0.0004268783695806633	0.1	for_e	export
1150	Marinobacter_sp	oilspill	1e-06	EX_acald_e	100.0	0.1	acald_e	export
1154	Marinobacter_sp	oilspill	1e-06	EX_cytd_e	-0.02130539012830468	0.1	cytd_e	import
1156	Marinobacter_sp	oilspill	1e-06	EX_glyb_e	-0.02456100974666242	0.1	glyb_e	import
1157	Marinobacter_sp	oilspill	1e-06	EX_akg_e	16.39959061388788	0.1	akg_e	export
1158	Marinobacter_sp	oilspill	1e-06	EX_meoh_e	100.04912201949337	0.1	meoh_e	export
1159	Marinobacter_sp	oilspill	1e-06	EX_coa_e	-9.191887181797184e-05	0.1	coa_e	import
1169	Marinobacter_sp	oilspill	1e-06	EX_glu__L_e	121.33460119861797	0.1	glu__L_e	export
1170	Marinobacter_sp	oilspill	1e-06	EX_citr__L_e	0.6657707359207734	0.1	citr__L_e	export
1171	Marinobacter_sp	oilspill	1e-06	EX_fe2_e	-0.0023176002998596444	0.1	fe2_e	import
1173	Marinobacter_sp	oilspill	1e-06	EX_pac_e	-1.8093919179160594	0.1	pac_e	import
1174	Marinobacter_sp	oilspill	1e-06	EX_thymd_e	-0.008487016232720634	0.1	thymd_e	import
1181	Marinobacter_sp	oilspill	1e-06	EX_4abz_e	-0.00010675993951281271	0.1	4abz_e	import
1182	Marinobacter_sp	oilspill	1e-06	EX_icit_e	-73.82242541055057	0.1	icit_e	import
1184	Marinobacter_sp	oilspill	1e-06	EX_h2o_e	-100.0	0.1	h2o_e	import
1185	Marinobacter_sp	oilspill	1e-06	EX_his__L_e	-0.01511842024433463	0.1	his__L_e	import
1192	Marinobacter_sp	oilspill	1e-06	EX_lac__L_e	149.88576947417516	0.1	lac__L_e	export
1208	Marinobacter_sp	oilspill	1e-06	EX_h2_e	-100.0	0.1	h2_e	import
1210	Marinobacter_sp	oilspill	1e-06	EX_o2_e	-2.1221894733935187	0.1	o2_e	import
1214	Marinobacter_sp	oilspill	1e-06	EX_gthox_e	17.976450785502834	0.1	gthox_e	export
1215	Marinobacter_sp	oilspill	1e-06	EX_etoh_e	-100.0	0.1	etoh_e	import
1219	Marinobacter_sp	oilspill	1e-06	EX_phe__L_e	-0.029564843321168155	0.1	phe__L_e	import
1228	Marinobacter_sp	oilspill	1e-06	EX_nh4_e	17.577839836101134	0.1	nh4_e	export
1229	Marinobacter_sp	oilspill	1e-06	EX_gthrd_e	-100.0	0.1	gthrd_e	import
1237	Marinobacter_sp	oilspill	1e-06	EX_fald_e	-100.0	0.1	fald_e	import
1243	Marinobacter_sp	oilspill	1e-06	EX_mg2_e	-0.0013843684225905394	0.1	mg2_e	import
1245	Marinobacter_sp	oilspill	1e-06	EX_ala__L_e	-100.0	0.1	ala__L_e	import
1247	Marinobacter_sp	oilspill	1e-06	EX_bz_e	-1.5958137510097004e-05	0.1	bz_e	import
1257	Marinobacter_sp	oilspill	1e-06	EX_cobalt2_e	-1.5958137510097004e-05	0.1	cobalt2_e	import
1264	Marinobacter_sp	oilspill	1e-06	EX_ile__L_e	-0.046363017112028615	0.1	ile__L_e	import
1269	Marinobacter_sp	oilspill	1e-06	EX_leu__L_e	-0.07189635617269613	0.1	leu__L_e	import
1275	Marinobacter_sp	oilspill	1e-06	EX_pacald_e	1.8093919179160594	0.1	pacald_e	export
1280	Marinobacter_sp	oilspill	1e-06	EX_man1p_e	-0.6206601237540639	0.1	man1p_e	import
1286	Marinobacter_sp	oilspill	1e-06	EX_thym_e	0.004295451853636223	0.1	thym_e	export
1288	Marinobacter_sp	oilspill	1e-06	EX_pi_e	0.4635738041787363	0.1	pi_e	export
1290	Marinobacter_sp	oilspill	1e-06	EX_thr__L_e	-0.04048372011777701	0.1	thr__L_e	import
1294	Marinobacter_sp	oilspill	1e-06	EX_arg__L_e	-0.04720289388524179	0.1	arg__L_e	import
1296	Marinobacter_sp	oilspill	1e-06	EX_no2_e	10.636749840987864	0.1	no2_e	export
1299	Marinobacter_sp	oilspill	1e-06	EX_val__L_e	-8.030828995852403	0.1	val__L_e	import
1303	Marinobacter_sp	oilspill	1e-06	EX_so4_e	-0.0006922640019837445	0.1	so4_e	import
1310	Marinobacter_sp	oilspill	1e-06	EX_thm_e	-3.558664647584919e-05	0.1	thm_e	import
1314	Marinobacter_sp	oilspill	1e-06	EX_cl_e	-0.0008306210535238279	0.1	cl_e	import
1316	Marinobacter_sp	oilspill	1e-06	EX_ser__D_e	-31.71200147288505	0.1	ser__D_e	import
1318	Marinobacter_sp	oilspill	1e-06	EX_h2o2_e	-17.976450785502834	0.1	h2o2_e	import
1324	Marinobacter_sp	oilspill	1e-06	EX_id3acald_e	0.047067146218410016	0.1	id3acald_e	export
1326	Marinobacter_sp	oilspill	1e-06	EX_ura_e	-0.004295451853681704	0.1	ura_e	import
1328	Marinobacter_sp	oilspill	1e-06	EX_no3_e	-10.636749840987864	0.1	no3_e	import
1330	Marinobacter_sp	oilspill	1e-06	EX_orn_e	-0.6657707359207734	0.1	orn_e	import
1333	Marinobacter_sp	oilspill	1e-06	EX_skm_e	0.17413351457284065	0.1	skm_e	export
1352	Marinobacter_sp	oilspill	1e-06	EX_cgly_e	64.04709842899456	0.1	cgly_e	export
1354	Marinobacter_sp	oilspill	1e-06	EX_ca2_e	-0.0008306210535238279	0.1	ca2_e	import
1357	Marinobacter_sp	oilspill	1e-06	EX_cu2_e	-0.00011314318294353143	0.1	cu2_e	import
1358	Marinobacter_sp	oilspill	1e-06	EX_k_e	-0.0311491672058537	0.1	k_e	import
1363	Marinobacter_sp	oilspill	1e-06	EX_gly_e	62.92648156809764	0.1	gly_e	export
1364	Marinobacter_sp	oilspill	1e-06	EX_mal__L_e	99.85918523568125	0.1	mal__L_e	export
1368	Marinobacter_sp	oilspill	1e-06	EX_fum_e	-100.0	0.1	fum_e	import
1370	Marinobacter_sp	oilspill	1e-06	EX_h2s_e	-0.03917547201071933	0.1	h2s_e	import
1374	Marinobacter_sp	oilspill	1e-06	EX_mn2_e	-0.00011027072967806362	0.1	mn2_e	import
1375	Marinobacter_sp	oilspill	1e-06	EX_zn2_e	-5.441724865744943e-05	0.1	zn2_e	import
1388	Marinobacter_sp	oilspill	1e-06	EX_lys__L_e	-0.05476210400740911	0.1	lys__L_e	import
1389	Marinobacter_sp	oilspill	1e-06	EX_succ_e	-1.5958137581151277e-05	0.1	succ_e	import
1397	Marinobacter_sp	oilspill	1e-06	EX_ac_e	-34.60775635118944	0.1	ac_e	import
1401	Marinobacter_sp	oilspill	1e-06	EX_tyr__L_e	0.08964290962191868	0.1	tyr__L_e	export
1403	Marinobacter_sp	oilspill	1e-06	EX_h_e	-34.97664181889547	0.1	h_e	import
1413	Marinobacter_sp	oilspill	1e-06	EX_for_e	0.00032027981847381805	0.1	for_e	export
1425	Oleibacter_sp	oilspill	1e-06	EX_acald_e	-62.7786811849905	0.1	acald_e	import
1426	Oleibacter_sp	oilspill	1e-06	EX_asp__L_e	-7.3243908686932855	0.1	asp__L_e	import
1432	Oleibacter_sp	oilspill	1e-06	EX_glyclt_e	0.0007891522536738194	0.1	glyclt_e	export
1434	Oleibacter_sp	oilspill	1e-06	EX_glu__L_e	85.04301538072616	0.1	glu__L_e	export
1435	Oleibacter_sp	oilspill	1e-06	EX_fe2_e	-0.005940759399294393	0.1	fe2_e	import
1439	Oleibacter_sp	oilspill	1e-06	EX_icit_e	-86.05505537241436	0.1	icit_e	import
1440	Oleibacter_sp	oilspill	1e-06	EX_h2o_e	-100.0	0.1	h2o_e	import
1446	Oleibacter_sp	oilspill	1e-06	EX_pyr_e	97.08327469131359	0.1	pyr_e	export
1449	Oleibacter_sp	oilspill	1e-06	EX_o2_e	-16.469927769594733	0.1	o2_e	import
1450	Oleibacter_sp	oilspill	1e-06	EX_gthox_e	-68.03104344404723	0.1	gthox_e	import
1451	Oleibacter_sp	oilspill	1e-06	EX_etoh_e	62.7786811849905	0.1	etoh_e	export
1452	Oleibacter_sp	oilspill	1e-06	EX_nh4_e	13.387222625872568	0.1	nh4_e	export
1453	Oleibacter_sp	oilspill	1e-06	EX_gthrd_e	136.06208688809446	0.1	gthrd_e	export
1459	Oleibacter_sp	oilspill	1e-06	EX_mg2_e	-0.007674771078015397	0.1	mg2_e	import
1460	Oleibacter_sp	oilspill	1e-06	EX_ala__L_e	-100.0	0.1	ala__L_e	import
1461	Oleibacter_sp	oilspill	1e-06	EX_bz_e	-8.846998377975979e-05	0.1	bz_e	import
1465	Oleibacter_sp	oilspill	1e-06	EX_cobalt2_e	-8.846998377975979e-05	0.1	cobalt2_e	import
1478	Oleibacter_sp	oilspill	1e-06	EX_pi_e	-0.8723963154718604	0.1	pi_e	import
1481	Oleibacter_sp	oilspill	1e-06	EX_asn__L_e	-0.21326131898683798	0.1	asn__L_e	import
1484	Oleibacter_sp	oilspill	1e-06	EX_so4_e	-0.0038378278889297235	0.1	so4_e	import
1489	Oleibacter_sp	oilspill	1e-06	EX_cl_e	-0.004604862646829133	0.1	cl_e	import
1490	Oleibacter_sp	oilspill	1e-06	EX_fe3_e	-0.0069077363201586195	0.1	fe3_e	import
1492	Oleibacter_sp	oilspill	1e-06	EX_h2o2_e	68.03104344404723	0.1	h2o2_e	export
1496	Oleibacter_sp	oilspill	1e-06	EX_ura_e	-0.29265428227699886	0.1	ura_e	import
1504	Oleibacter_sp	oilspill	1e-06	EX_ca2_e	-0.004604862646829133	0.1	ca2_e	import
1505	Oleibacter_sp	oilspill	1e-06	EX_cu2_e	-0.0006272521200116898	0.1	cu2_e	import
1506	Oleibacter_sp	oilspill	1e-06	EX_k_e	-0.1726872151044745	0.1	k_e	import
1509	Oleibacter_sp	oilspill	1e-06	EX_h2s_e	-0.21789095322931473	0.1	h2s_e	import
1511	Oleibacter_sp	oilspill	1e-06	EX_mn2_e	-0.0006113275867392076	0.1	mn2_e	import
1512	Oleibacter_sp	oilspill	1e-06	EX_zn2_e	-0.00030168264413532597	0.1	zn2_e	import
1515	Oleibacter_sp	oilspill	1e-06	EX_pydxn_e	-0.00019728806344687655	0.1	pydxn_e	import
1518	Oleibacter_sp	oilspill	1e-06	EX_co2_e	94.59103249257657	0.1	co2_e	export
1521	Oleibacter_sp	oilspill	1e-06	EX_ac_e	-0.5755246690666809	0.1	ac_e	import
1523	Oleibacter_sp	oilspill	1e-06	EX_h_e	-100.0	0.1	h_e	import
1533	Pseudomonas_sp	oilspill	1e-06	EX_acald_e	-100.0	0.1	acald_e	import
1536	Pseudomonas_sp	oilspill	1e-06	EX_fruur_e	-100.0	0.1	fruur_e	import
1542	Pseudomonas_sp	oilspill	1e-06	EX_glyb_e	-1.0199575543903165	0.1	glyb_e	import
1543	Pseudomonas_sp	oilspill	1e-06	EX_akg_e	-70.50869060748107	0.1	akg_e	import
1544	Pseudomonas_sp	oilspill	1e-06	EX_meoh_e	-100.0	0.1	meoh_e	import
1545	Pseudomonas_sp	oilspill	1e-06	EX_coa_e	9.191887181714264e-05	0.1	coa_e	export
1549	Pseudomonas_sp	oilspill	1e-06	EX_glyc_e	-100.0	0.1	glyc_e	import
1554	Pseudomonas_sp	oilspill	1e-06	EX_glyclt_e	-0.0016011276889003057	0.1	glyclt_e	import
1557	Pseudomonas_sp	oilspill	1e-06	EX_glu__L_e	-100.0	0.1	glu__L_e	import
1558	Pseudomonas_sp	oilspill	1e-06	EX_fe2_e	-0.0014394570132722066	0.1	fe2_e	import
1560	Pseudomonas_sp	oilspill	1e-06	EX_pac_e	47.73817744294149	0.1	pac_e	export
1561	Pseudomonas_sp	oilspill	1e-06	EX_thymd_e	0.4252025398928936	0.1	thymd_e	export
1568	Pseudomonas_sp	oilspill	1e-06	EX_icit_e	70.33231564384175	0.1	icit_e	export
1570	Pseudomonas_sp	oilspill	1e-06	EX_h2o_e	-100.0	0.1	h2o_e	import
1571	Pseudomonas_sp	oilspill	1e-06	EX_his__L_e	0.08865372595103338	0.1	his__L_e	export
1578	Pseudomonas_sp	oilspill	1e-06	EX_lac__L_e	-100.0	0.1	lac__L_e	import
1580	Pseudomonas_sp	oilspill	1e-06	EX_xan_e	-100.0	0.1	xan_e	import
1587	Pseudomonas_sp	oilspill	1e-06	EX_man6p_e	55.65209938056273	0.1	man6p_e	export
1599	Pseudomonas_sp	oilspill	1e-06	EX_h2_e	65.81258504521259	0.1	h2_e	export
1601	Pseudomonas_sp	oilspill	1e-06	EX_o2_e	-5.33285931984733	0.1	o2_e	import
1608	Pseudomonas_sp	oilspill	1e-06	EX_gthox_e	-90.65616676563536	0.1	gthox_e	import
1609	Pseudomonas_sp	oilspill	1e-06	EX_etoh_e	111.71735752166717	0.1	etoh_e	export
1626	Pseudomonas_sp	oilspill	1e-06	EX_gthrd_e	281.3123335312707	0.1	gthrd_e	export
1635	Pseudomonas_sp	oilspill	1e-06	EX_malt_e	6.234764168837614	0.1	malt_e	export
1636	Pseudomonas_sp	oilspill	1e-06	EX_fald_e	103.02685861474856	0.1	fald_e	export
1642	Pseudomonas_sp	oilspill	1e-06	EX_mg2_e	-0.0018596112569042589	0.1	mg2_e	import
1644	Pseudomonas_sp	oilspill	1e-06	EX_ala__L_e	214.0259417020195	0.1	ala__L_e	export
1648	Pseudomonas_sp	oilspill	1e-06	EX_bz_e	-2.1436440988509275e-05	0.1	bz_e	import
1651	Pseudomonas_sp	oilspill	1e-06	EX_glyald_e	100.0	0.1	glyald_e	export
1660	Pseudomonas_sp	oilspill	1e-06	EX_cobalt2_e	-2.1436440988509275e-05	0.1	cobalt2_e	import
1669	Pseudomonas_sp	oilspill	1e-06	EX_ile__L_e	0.25623677314074905	0.1	ile__L_e	export
1670	Pseudomonas_sp	oilspill	1e-06	EX_glycogen1500_e	-0.01662603778356697	0.1	glycogen1500_e	import
1674	Pseudomonas_sp	oilspill	1e-06	EX_glc__D_e	12.469528337675229	0.1	glc__D_e	export
1675	Pseudomonas_sp	oilspill	1e-06	EX_idon__L_e	100.0	0.1	idon__L_e	export
1677	Pseudomonas_sp	oilspill	1e-06	EX_leu__L_e	-0.09657781200985482	0.1	leu__L_e	import
1685	Pseudomonas_sp	oilspill	1e-06	EX_pacald_e	-47.73817744294149	0.1	pacald_e	import
1689	Pseudomonas_sp	oilspill	1e-06	EX_trp__L_e	-16.12980116643564	0.1	trp__L_e	import
1690	Pseudomonas_sp	oilspill	1e-06	EX_man1p_e	-100.0	0.1	man1p_e	import
1692	Pseudomonas_sp	oilspill	1e-06	EX_glcn_e	-100.0	0.1	glcn_e	import
1694	Pseudomonas_sp	oilspill	1e-06	EX_pro__L_e	-0.047386324656599754	0.1	pro__L_e	import
1695	Pseudomonas_sp	oilspill	1e-06	EX_thym_e	-0.4308115990454553	0.1	thym_e	import
1697	Pseudomonas_sp	oilspill	1e-06	EX_pi_e	44.17911450065844	0.1	pi_e	export
1699	Pseudomonas_sp	oilspill	1e-06	EX_thr__L_e	-0.05438146408425837	0.1	thr__L_e	import
1702	Pseudomonas_sp	oilspill	1e-06	EX_xtsn_e	100.0	0.1	xtsn_e	export
1707	Pseudomonas_sp	oilspill	1e-06	EX_no2_e	0.0022114231641748123	0.1	no2_e	export
1710	Pseudomonas_sp	oilspill	1e-06	EX_val__L_e	-0.09071087247207288	0.1	val__L_e	import
1715	Pseudomonas_sp	oilspill	1e-06	EX_so4_e	-0.543319273942528	0.1	so4_e	import
1723	Pseudomonas_sp	oilspill	1e-06	EX_ins_e	-54.86730595666882	0.1	ins_e	import
1726	Pseudomonas_sp	oilspill	1e-06	EX_thm_e	-4.780326344189234e-05	0.1	thm_e	import
1727	Pseudomonas_sp	oilspill	1e-06	EX_5dglcn_e	62.83504663977544	0.1	5dglcn_e	export
1731	Pseudomonas_sp	oilspill	1e-06	EX_cl_e	-0.0011157667541397132	0.1	cl_e	import
1732	Pseudomonas_sp	oilspill	1e-06	EX_fe3_e	-0.0016737573134220963	0.1	fe3_e	import
1735	Pseudomonas_sp	oilspill	1e-06	EX_but_e	-0.09233823553370257	0.1	but_e	import
1736	Pseudomonas_sp	oilspill	1e-06	EX_h2o2_e	90.65616676563536	0.1	h2o2_e	export
1744	Pseudomonas_sp	oilspill	1e-06	EX_id3acald_e	16.11761605027698	0.1	id3acald_e	export
1746	Pseudomonas_sp	oilspill	1e-06	EX_ura_e	15.744220780419028	0.1	ura_e	export
1748	Pseudomonas_sp	oilspill	1e-06	EX_no3_e	-0.0022114231641748123	0.1	no3_e	import
1760	Pseudomonas_sp	oilspill	1e-06	EX_ala__D_e	-100.0	0.1	ala__D_e	import
1771	Pseudomonas_sp	oilspill	1e-06	EX_h2co3_e	-52.796752799996625	0.1	h2co3_e	import
1774	Pseudomonas_sp	oilspill	1e-06	EX_cgly_e	-100.0	0.1	cgly_e	import
1775	Pseudomonas_sp	oilspill	1e-06	EX_glcur_e	100.0	0.1	glcur_e	export
1777	Pseudomonas_sp	oilspill	1e-06	EX_ca2_e	-0.0011157667541447252	0.1	ca2_e	import
1781	Pseudomonas_sp	oilspill	1e-06	EX_cu2_e	-0.00015198435125729802	0.1	cu2_e	import
1782	Pseudomonas_sp	oilspill	1e-06	EX_k_e	-0.04184243228473861	0.1	k_e	import
1787	Pseudomonas_sp	oilspill	1e-06	EX_ser__L_e	-100.0	0.1	ser__L_e	import
1790	Pseudomonas_sp	oilspill	1e-06	EX_mal__L_e	15.064143566445296	0.1	mal__L_e	export
1794	Pseudomonas_sp	oilspill	1e-06	EX_fum_e	-10.700635189836532	0.1	fum_e	import
1797	Pseudomonas_sp	oilspill	1e-06	EX_h2s_e	0.4895498637089588	0.1	h2s_e	export
1799	Pseudomonas_sp	oilspill	1e-06	EX_glyc__R_e	100.18048306817809	0.1	glyc__R_e	export
1802	Pseudomonas_sp	oilspill	1e-06	EX_mn2_e	-0.00014812580729994806	0.1	mn2_e	import
1803	Pseudomonas_sp	oilspill	1e-06	EX_zn2_e	-7.309826381620572e-05	0.1	zn2_e	import
1807	Pseudomonas_sp	oilspill	1e-06	EX_uri_e	-15.313409181373572	0.1	uri_e	import
1808	Pseudomonas_sp	oilspill	1e-06	EX_btoh_e	0.09233823553370257	0.1	btoh_e	export
1809	Pseudomonas_sp	oilspill	1e-06	EX_dha_e	24.00050792172624	0.1	dha_e	export
1813	Pseudomonas_sp	oilspill	1e-06	EX_2dhglcn_e	-62.83504663977544	0.1	2dhglcn_e	import
1820	Pseudomonas_sp	oilspill	1e-06	EX_lys__L_e	-0.07356150530620198	0.1	lys__L_e	import
1823	Pseudomonas_sp	oilspill	1e-06	EX_succ_e	-5.983414693743953	0.1	succ_e	import
1830	Pseudomonas_sp	oilspill	1e-06	EX_pnto__R_e	-0.0002153927719064086	0.1	pnto__R_e	import
1832	Pseudomonas_sp	oilspill	1e-06	EX_ac_e	-11.71735752166694	0.1	ac_e	import
1837	Pseudomonas_sp	oilspill	1e-06	EX_tyr__L_e	-0.02955999468383652	0.1	tyr__L_e	import
1840	Pseudomonas_sp	oilspill	1e-06	EX_h_e	103.38445727767441	0.1	h_e	export
1844	Pseudomonas_sp	oilspill	1e-06	EX_ade_e	2.1436441039985677e-05	0.1	ade_e	export
1846	Pseudomonas_sp	oilspill	1e-06	EX_uaagmda_e	-0.021436441001810635	0.1	uaagmda_e	import
1848	Pseudomonas_sp	oilspill	1e-06	EX_hxan_e	54.867305956668815	0.1	hxan_e	export
1854	Pseudomonas_sp	oilspill	1e-06	EX_quin_e	-0.03985763221237448	0.1	quin_e	import
1855	Pseudomonas_sp	oilspill	1e-06	EX_for_e	-0.001581209735036282	0.1	for_e	import
1873	Thalassospira_sp	oilspill	1e-06	EX_glyb_e	-0.004259610937197067	0.1	glyb_e	import
1874	Thalassospira_sp	oilspill	1e-06	EX_akg_e	-100.0	0.1	akg_e	import
1875	Thalassospira_sp	oilspill	1e-06	EX_meoh_e	-3.891442680643422	0.1	meoh_e	import
1887	Thalassospira_sp	oilspill	1e-06	EX_glu__L_e	-0.006001465616506607	0.1	glu__L_e	import
1888	Thalassospira_sp	oilspill	1e-06	EX_fe2_e	0.008380060926080055	0.1	fe2_e	export
1895	Thalassospira_sp	oilspill	1e-06	EX_h2o_e	209.58555276264156	0.1	h2o_e	export
1896	Thalassospira_sp	oilspill	1e-06	EX_his__L_e	-0.0009077897074121211	0.1	his__L_e	import
1902	Thalassospira_sp	oilspill	1e-06	EX_lac__L_e	-100.0	0.1	lac__L_e	import
1909	Thalassospira_sp	oilspill	1e-06	EX_pyr_e	100.64303429002018	0.1	pyr_e	export
1917	Thalassospira_sp	oilspill	1e-06	EX_o2_e	-0.007045627878824234	0.1	o2_e	import
1920	Thalassospira_sp	oilspill	1e-06	EX_gthox_e	100.0	0.1	gthox_e	export
1925	Thalassospira_sp	oilspill	1e-06	EX_phe__L_e	0.13957039631499413	0.1	phe__L_e	export
1932	Thalassospira_sp	oilspill	1e-06	EX_nh4_e	87.52997051952389	0.1	nh4_e	export
1933	Thalassospira_sp	oilspill	1e-06	EX_gthrd_e	-100.0	0.1	gthrd_e	import
1934	Thalassospira_sp	oilspill	1e-06	EX_adn_e	0.0002516836375403954	0.1	adn_e	export
1940	Thalassospira_sp	oilspill	1e-06	EX_fol_e	-6.4104301600309554e-06	0.1	fol_e	import
1941	Thalassospira_sp	oilspill	1e-06	EX_mg2_e	-8.312478325933625e-05	0.1	mg2_e	import
1943	Thalassospira_sp	oilspill	1e-06	EX_ala__L_e	-100.0	0.1	ala__L_e	import
1947	Thalassospira_sp	oilspill	1e-06	EX_cys__L_e	-0.0019022591606017158	0.1	cys__L_e	import
1974	Thalassospira_sp	oilspill	1e-06	EX_man1p_e	-0.6724320274779529	0.1	man1p_e	import
1977	Thalassospira_sp	oilspill	1e-06	EX_pro__L_e	0.04944646714591272	0.1	pro__L_e	export
1978	Thalassospira_sp	oilspill	1e-06	EX_thym_e	-0.00025072542678117316	0.1	thym_e	import
1980	Thalassospira_sp	oilspill	1e-06	EX_pi_e	0.6629831782705651	0.1	pi_e	export
1982	Thalassospira_sp	oilspill	1e-06	EX_thr__L_e	-0.0024308561244197335	0.1	thr__L_e	import
1988	Thalassospira_sp	oilspill	1e-06	EX_no2_e	2.1828041667504294e-05	0.1	no2_e	export
1991	Thalassospira_sp	oilspill	1e-06	EX_val__L_e	-0.008377339608045986	0.1	val__L_e	import
1993	Thalassospira_sp	oilspill	1e-06	EX_so4_e	-4.156718266105324e-05	0.1	so4_e	import
2000	Thalassospira_sp	oilspill	1e-06	EX_thm_e	-2.1368099892611485e-06	0.1	thm_e	import
2002	Thalassospira_sp	oilspill	1e-06	EX_cl_e	-4.987486988738965e-05	0.1	cl_e	import
2003	Thalassospira_sp	oilspill	1e-06	EX_fe3_e	-0.008519221874394134	0.1	fe3_e	import
2004	Thalassospira_sp	oilspill	1e-06	EX_ser__D_e	-100.0	0.1	ser__D_e	import
2006	Thalassospira_sp	oilspill	1e-06	EX_h2o2_e	-100.0	0.1	h2o2_e	import
2017	Thalassospira_sp	oilspill	1e-06	EX_no3_e	-2.1828041667504294e-05	0.1	no3_e	import
2018	Thalassospira_sp	oilspill	1e-06	EX_orn_e	-0.05439895069980594	0.1	orn_e	import
2019	Thalassospira_sp	oilspill	1e-06	EX_skm_e	-0.14321163552197902	0.1	skm_e	import
2020	Thalassospira_sp	oilspill	1e-06	EX_lac__D_e	200.0	0.1	lac__D_e	export
2022	Thalassospira_sp	oilspill	1e-06	EX_ala__D_e	-100.0	0.1	ala__D_e	import
2032	Thalassospira_sp	oilspill	1e-06	EX_cgly_e	-100.0	0.1	cgly_e	import
2034	Thalassospira_sp	oilspill	1e-06	EX_ca2_e	-4.987486988738965e-05	0.1	ca2_e	import
2035	Thalassospira_sp	oilspill	1e-06	EX_cu2_e	-6.7937136236650986e-06	0.1	cu2_e	import
2036	Thalassospira_sp	oilspill	1e-06	EX_k_e	-0.0018703603238918731	0.1	k_e	import
2039	Thalassospira_sp	oilspill	1e-06	EX_ser__L_e	88.72469524952365	0.1	ser__L_e	export
2041	Thalassospira_sp	oilspill	1e-06	EX_gly_e	22.532202023165382	0.1	gly_e	export
2042	Thalassospira_sp	oilspill	1e-06	EX_mal__L_e	-0.5413217775989096	0.1	mal__L_e	import
2046	Thalassospira_sp	oilspill	1e-06	EX_h2s_e	-0.00045556214024600195	0.1	h2s_e	import
2050	Thalassospira_sp	oilspill	1e-06	EX_mn2_e	-6.621236334437021e-06	0.1	mn2_e	import
2051	Thalassospira_sp	oilspill	1e-06	EX_zn2_e	-3.2674986840675047e-06	0.1	zn2_e	import
2052	Thalassospira_sp	oilspill	1e-06	EX_uri_e	0.0013053513506520176	0.1	uri_e	export
2055	Thalassospira_sp	oilspill	1e-06	EX_pydxn_e	0.00010915880828370897	0.1	pydxn_e	export
2061	Thalassospira_sp	oilspill	1e-06	EX_lys__L_e	0.5239463502896275	0.1	lys__L_e	export
2066	Thalassospira_sp	oilspill	1e-06	EX_co2_e	-6.69155172294393	0.1	co2_e	import
2069	Thalassospira_sp	oilspill	1e-06	EX_ac_e	-0.0062344162340650655	0.1	ac_e	import
2070	Thalassospira_sp	oilspill	1e-06	EX_dxyl_e	-0.010659279637025065	0.1	dxyl_e	import
2074	Thalassospira_sp	oilspill	1e-06	EX_h_e	11.391305727438445	0.1	h_e	export
2089	Flavobacterium_sp	oilspill	1e-06	EX_acald_e	-100.0	0.1	acald_e	import
2091	Flavobacterium_sp	oilspill	1e-06	EX_fruur_e	-100.0	0.1	fruur_e	import
2094	Flavobacterium_sp	oilspill	1e-06	EX_cytd_e	0.10248158381443773	0.1	cytd_e	export
2095	Flavobacterium_sp	oilspill	1e-06	EX_glyb_e	-0.22620466132207184	0.1	glyb_e	import
2097	Flavobacterium_sp	oilspill	1e-06	EX_meoh_e	52.78998138436759	0.1	meoh_e	export
2101	Flavobacterium_sp	oilspill	1e-06	EX_glyc_e	-100.0	0.1	glyc_e	import
2110	Flavobacterium_sp	oilspill	1e-06	EX_citr__L_e	-0.614468190862226	0.1	citr__L_e	import
2111	Flavobacterium_sp	oilspill	1e-06	EX_fe2_e	-0.001462515534853992	0.1	fe2_e	import
2113	Flavobacterium_sp	oilspill	1e-06	EX_pac_e	-25.857209778748143	0.1	pac_e	import
2119	Flavobacterium_sp	oilspill	1e-06	EX_4abz_e	0.0006364092546391458	0.1	4abz_e	export
2120	Flavobacterium_sp	oilspill	1e-06	EX_icit_e	39.50093898553325	0.1	icit_e	export
2122	Flavobacterium_sp	oilspill	1e-06	EX_h2o_e	54.41408217185631	0.1	h2o_e	export
2132	Flavobacterium_sp	oilspill	1e-06	EX_lac__L_e	6.301316189249292	0.1	lac__L_e	export
2142	Flavobacterium_sp	oilspill	1e-06	EX_man6p_e	99.69877504394697	0.1	man6p_e	export
2152	Flavobacterium_sp	oilspill	1e-06	EX_o2_e	-0.36718993409283485	0.1	o2_e	import
2160	Flavobacterium_sp	oilspill	1e-06	EX_gthox_e	27.207041085928154	0.1	gthox_e	export
2161	Flavobacterium_sp	oilspill	1e-06	EX_etoh_e	100.0	0.1	etoh_e	export
2165	Flavobacterium_sp	oilspill	1e-06	EX_phe__L_e	-0.0403504006794293	0.1	phe__L_e	import
2173	Flavobacterium_sp	oilspill	1e-06	EX_nh4_e	-40.20214556103633	0.1	nh4_e	import
2174	Flavobacterium_sp	oilspill	1e-06	EX_gthrd_e	-100.0	0.1	gthrd_e	import
2176	Flavobacterium_sp	oilspill	1e-06	EX_adn_e	0.0462029056833444	0.1	adn_e	export
2184	Flavobacterium_sp	oilspill	1e-06	EX_fald_e	-52.19663535797179	0.1	fald_e	import
2189	Flavobacterium_sp	oilspill	1e-06	EX_fol_e	-0.00014570705766914216	0.1	fol_e	import
2190	Flavobacterium_sp	oilspill	1e-06	EX_mg2_e	-0.0018894001883466717	0.1	mg2_e	import
2191	Flavobacterium_sp	oilspill	1e-06	EX_ala__L_e	114.75729754280042	0.1	ala__L_e	export
2195	Flavobacterium_sp	oilspill	1e-06	EX_bz_e	-2.177982935336331e-05	0.1	bz_e	import
2197	Flavobacterium_sp	oilspill	1e-06	EX_glyald_e	100.0	0.1	glyald_e	export
2203	Flavobacterium_sp	oilspill	1e-06	EX_cobalt2_e	-2.1779829299258438e-05	0.1	cobalt2_e	import
2219	Flavobacterium_sp	oilspill	1e-06	EX_leu__L_e	0.49393094935536086	0.1	leu__L_e	export
2225	Flavobacterium_sp	oilspill	1e-06	EX_pacald_e	25.857209778748143	0.1	pacald_e	export
2229	Flavobacterium_sp	oilspill	1e-06	EX_trp__L_e	21.955747110115	0.1	trp__L_e	export
2230	Flavobacterium_sp	oilspill	1e-06	EX_man1p_e	-100.0	0.1	man1p_e	import
2233	Flavobacterium_sp	oilspill	1e-06	EX_pro__L_e	-0.04814540157178726	0.1	pro__L_e	import
2234	Flavobacterium_sp	oilspill	1e-06	EX_thym_e	0.04602615020030498	0.1	thym_e	export
2238	Flavobacterium_sp	oilspill	1e-06	EX_thr__L_e	-0.05525259545603498	0.1	thr__L_e	import
2244	Flavobacterium_sp	oilspill	1e-06	EX_arg__L_e	0.32379196795487175	0.1	arg__L_e	export
2246	Flavobacterium_sp	oilspill	1e-06	EX_no2_e	0.0004743646815086322	0.1	no2_e	export
2249	Flavobacterium_sp	oilspill	1e-06	EX_val__L_e	8.34389628832514	0.1	val__L_e	export
2253	Flavobacterium_sp	oilspill	1e-06	EX_so4_e	-0.054537345863535064	0.1	so4_e	import
2264	Flavobacterium_sp	oilspill	1e-06	EX_thm_e	-4.856901925087124e-05	0.1	thm_e	import
2265	Flavobacterium_sp	oilspill	1e-06	EX_5dglcn_e	-62.77619866016937	0.1	5dglcn_e	import
2268	Flavobacterium_sp	oilspill	1e-06	EX_cl_e	-0.0011336401130108698	0.1	cl_e	import
2269	Flavobacterium_sp	oilspill	1e-06	EX_fe3_e	-0.0017005690686583076	0.1	fe3_e	import
2272	Flavobacterium_sp	oilspill	1e-06	EX_ser__D_e	137.4315826654954	0.1	ser__D_e	export
2274	Flavobacterium_sp	oilspill	1e-06	EX_h2o2_e	-27.207041085928154	0.1	h2o2_e	import
2282	Flavobacterium_sp	oilspill	1e-06	EX_id3acald_e	-21.968127418461563	0.1	id3acald_e	import
2283	Flavobacterium_sp	oilspill	1e-06	EX_ura_e	-15.399171750540631	0.1	ura_e	import
2285	Flavobacterium_sp	oilspill	1e-06	EX_no3_e	-0.0004743646815086322	0.1	no3_e	import
2287	Flavobacterium_sp	oilspill	1e-06	EX_orn_e	0.22625323034128542	0.1	orn_e	export
2291	Flavobacterium_sp	oilspill	1e-06	EX_lac__D_e	-100.0	0.1	lac__D_e	import
2295	Flavobacterium_sp	oilspill	1e-06	EX_indole_e	0.00957606851486048	0.1	indole_e	export
2296	Flavobacterium_sp	oilspill	1e-06	EX_ala__D_e	-100.0	0.1	ala__D_e	import
2309	Flavobacterium_sp	oilspill	1e-06	EX_cgly_e	45.585917828143465	0.1	cgly_e	export
2310	Flavobacterium_sp	oilspill	1e-06	EX_glcur_e	100.0	0.1	glcur_e	export
2313	Flavobacterium_sp	oilspill	1e-06	EX_ca2_e	-0.001133640113008004	0.1	ca2_e	import
2315	Flavobacterium_sp	oilspill	1e-06	EX_cu2_e	-0.0001544189737637793	0.1	cu2_e	import
2316	Flavobacterium_sp	oilspill	1e-06	EX_k_e	-0.04251270212841973	0.1	k_e	import
2320	Flavobacterium_sp	oilspill	1e-06	EX_ser__L_e	-100.0	0.1	ser__L_e	import
2326	Flavobacterium_sp	oilspill	1e-06	EX_fum_e	-0.6490029876959484	0.1	fum_e	import
2330	Flavobacterium_sp	oilspill	1e-06	EX_glyc__R_e	-37.686301791881306	0.1	glyc__R_e	import
2333	Flavobacterium_sp	oilspill	1e-06	EX_mn2_e	-0.00015049862018991976	0.1	mn2_e	import
2334	Flavobacterium_sp	oilspill	1e-06	EX_zn2_e	-7.426921774822404e-05	0.1	zn2_e	import
2337	Flavobacterium_sp	oilspill	1e-06	EX_uri_e	15.404870660664983	0.1	uri_e	export
2340	Flavobacterium_sp	oilspill	1e-06	EX_dha_e	-10.33476161833471	0.1	dha_e	import
2344	Flavobacterium_sp	oilspill	1e-06	EX_2dhglcn_e	62.7761986601694	0.1	2dhglcn_e	export
2350	Flavobacterium_sp	oilspill	1e-06	EX_lys__L_e	-0.07473987988855711	0.1	lys__L_e	import
2353	Flavobacterium_sp	oilspill	1e-06	EX_succ_e	5.982977827604494	0.1	succ_e	export
2361	Flavobacterium_sp	oilspill	1e-06	EX_ac_e	42.000414974342675	0.1	ac_e	export
2364	Flavobacterium_sp	oilspill	1e-06	EX_tyr__L_e	-0.030033513357011543	0.1	tyr__L_e	import
2365	Flavobacterium_sp	oilspill	1e-06	EX_h_e	7.9997807274671535	0.1	h_e	export
2367	Flavobacterium_sp	oilspill	1e-06	EX_ade_e	0.005543934470614113	0.1	ade_e	export
2369	Flavobacterium_sp	oilspill	1e-06	EX_uaagmda_e	0.043227792151242284	0.1	uaagmda_e	export
2373	Flavobacterium_sp	oilspill	1e-06	EX_for_e	0.00029141411539333414	0.1	for_e	export
2386	Polaribacter_sp	oilspill	1e-06	EX_acald_e	1.1715373745366833	0.1	acald_e	export
2387	Polaribacter_sp	oilspill	1e-06	EX_fruur_e	100.0	0.1	fruur_e	export
2389	Polaribacter_sp	oilspill	1e-06	EX_asp__L_e	2.6190748903607073	0.1	asp__L_e	export
2392	Polaribacter_sp	oilspill	1e-06	EX_meoh_e	-100.0	0.1	meoh_e	import
2395	Polaribacter_sp	oilspill	1e-06	EX_met__L_e	-0.0259283135841315	0.1	met__L_e	import
2396	Polaribacter_sp	oilspill	1e-06	EX_glyc_e	100.0	0.1	glyc_e	export
2403	Polaribacter_sp	oilspill	1e-06	EX_glu__L_e	25.308929460591298	0.1	glu__L_e	export
2404	Polaribacter_sp	oilspill	1e-06	EX_citr__L_e	-0.05130254505866105	0.1	citr__L_e	import
2405	Polaribacter_sp	oilspill	1e-06	EX_fe2_e	-0.00197390698613489	0.1	fe2_e	import
2408	Polaribacter_sp	oilspill	1e-06	EX_thymd_e	-0.004424907475254258	0.1	thymd_e	import
2417	Polaribacter_sp	oilspill	1e-06	EX_h2o_e	-100.0	0.1	h2o_e	import
2434	Polaribacter_sp	oilspill	1e-06	EX_pyr_e	-56.4752753693997	0.1	pyr_e	import
2440	Polaribacter_sp	oilspill	1e-06	EX_o2_e	-0.0004213315160654929	0.1	o2_e	import
2443	Polaribacter_sp	oilspill	1e-06	EX_gthox_e	-50.0	0.1	gthox_e	import
2444	Polaribacter_sp	oilspill	1e-06	EX_etoh_e	-1.1715373745366833	0.1	etoh_e	import
2450	Polaribacter_sp	oilspill	1e-06	EX_nh4_e	-22.64421551046098	0.1	nh4_e	import
2451	Polaribacter_sp	oilspill	1e-06	EX_gthrd_e	74.58554055613722	0.1	gthrd_e	export
2458	Polaribacter_sp	oilspill	1e-06	EX_fald_e	100.0	0.1	fald_e	export
2461	Polaribacter_sp	oilspill	1e-06	EX_fol_e	-0.00011270323238932178	0.1	fol_e	import
2462	Polaribacter_sp	oilspill	1e-06	EX_mg2_e	-0.001461435785703922	0.1	mg2_e	import
2463	Polaribacter_sp	oilspill	1e-06	EX_ala__L_e	70.59848215916941	0.1	ala__L_e	export
2467	Polaribacter_sp	oilspill	1e-06	EX_glyald_e	-100.0	0.1	glyald_e	import
2471	Polaribacter_sp	oilspill	1e-06	EX_cobalt2_e	-1.6846522044033918e-05	0.1	cobalt2_e	import
2475	Polaribacter_sp	oilspill	1e-06	EX_ile__L_e	-0.04894403197519637	0.1	ile__L_e	import
2482	Polaribacter_sp	oilspill	1e-06	EX_leu__L_e	-0.07589880414627714	0.1	leu__L_e	import
2489	Polaribacter_sp	oilspill	1e-06	EX_pro__L_e	-0.03724007926326005	0.1	pro__L_e	import
2491	Polaribacter_sp	oilspill	1e-06	EX_pi_e	-0.1661223744470135	0.1	pi_e	import
2495	Polaribacter_sp	oilspill	1e-06	EX_arg__L_e	-0.049830664429387245	0.1	arg__L_e	import
2496	Polaribacter_sp	oilspill	1e-06	EX_asn__L_e	-0.04060938366831124	0.1	asn__L_e	import
2497	Polaribacter_sp	oilspill	1e-06	EX_no2_e	-0.01709523284553427	0.1	no2_e	import
2500	Polaribacter_sp	oilspill	1e-06	EX_val__L_e	-0.0716915521370538	0.1	val__L_e	import
2502	Polaribacter_sp	oilspill	1e-06	EX_so4_e	-0.0007308021254601726	0.1	so4_e	import
2503	Polaribacter_sp	oilspill	1e-06	EX_abt__L_e	-4.138181962970975	0.1	abt__L_e	import
2510	Polaribacter_sp	oilspill	1e-06	EX_thm_e	-3.756774411556307e-05	0.1	thm_e	import
2512	Polaribacter_sp	oilspill	1e-06	EX_cl_e	-0.0008768614714256273	0.1	cl_e	import
2513	Polaribacter_sp	oilspill	1e-06	EX_fe3_e	-0.0004727134075892536	0.1	fe3_e	import
2514	Polaribacter_sp	oilspill	1e-06	EX_ser__D_e	51.484101023358335	0.1	ser__D_e	export
2516	Polaribacter_sp	oilspill	1e-06	EX_h2o2_e	50.0	0.1	h2o2_e	export
2524	Polaribacter_sp	oilspill	1e-06	EX_orn_e	0.05130254505866105	0.1	orn_e	export
2528	Polaribacter_sp	oilspill	1e-06	EX_indole_e	-0.009576068514888902	0.1	indole_e	import
2529	Polaribacter_sp	oilspill	1e-06	EX_ala__D_e	-0.03369304405081089	0.1	ala__D_e	import
2534	Polaribacter_sp	oilspill	1e-06	EX_arab__L_e	4.138181962970746	0.1	arab__L_e	export
2537	Polaribacter_sp	oilspill	1e-06	EX_cgly_e	25.41445944386278	0.1	cgly_e	export
2538	Polaribacter_sp	oilspill	1e-06	EX_glcur_e	-100.0	0.1	glcur_e	import
2541	Polaribacter_sp	oilspill	1e-06	EX_ca2_e	-0.0008768614713972056	0.1	ca2_e	import
2543	Polaribacter_sp	oilspill	1e-06	EX_cu2_e	-0.00011944182902169519	0.1	cu2_e	import
2544	Polaribacter_sp	oilspill	1e-06	EX_k_e	-0.0328832317370497	0.1	k_e	import
2546	Polaribacter_sp	oilspill	1e-06	EX_ser__L_e	-3.061240162665854	0.1	ser__L_e	import
2548	Polaribacter_sp	oilspill	1e-06	EX_gly_e	-100.0	0.1	gly_e	import
2552	Polaribacter_sp	oilspill	1e-06	EX_h2s_e	-0.015525080837744586	0.1	h2s_e	import
2557	Polaribacter_sp	oilspill	1e-06	EX_mn2_e	-0.00011640946718216583	0.1	mn2_e	import
2558	Polaribacter_sp	oilspill	1e-06	EX_zn2_e	-5.744664011331224e-05	0.1	zn2_e	import
2561	Polaribacter_sp	oilspill	1e-06	EX_dha_e	-14.790888759600534	0.1	dha_e	import
2569	Polaribacter_sp	oilspill	1e-06	EX_lys__L_e	-0.057810693447549966	0.1	lys__L_e	import
2573	Polaribacter_sp	oilspill	1e-06	EX_co2_e	48.8254799305505	0.1	co2_e	export
2574	Polaribacter_sp	oilspill	1e-06	EX_pnto__R_e	0.00030643663677665245	0.1	pnto__R_e	export
2576	Polaribacter_sp	oilspill	1e-06	EX_ac_e	-3.3613906012376447	0.1	ac_e	import
2578	Polaribacter_sp	oilspill	1e-06	EX_h_e	-34.76247699498549	0.1	h_e	import
2580	Polaribacter_sp	oilspill	1e-06	EX_for_e	0.0002254064646999247	0.1	for_e	export
2589	Rhodococcus_sp	oilspill	1e-06	EX_acald_e	-11.542889987701034	0.1	acald_e	import
2591	Rhodococcus_sp	oilspill	1e-06	EX_fruur_e	100.0	0.1	fruur_e	export
2594	Rhodococcus_sp	oilspill	1e-06	EX_cytd_e	-0.029022811028355088	0.1	cytd_e	import
2596	Rhodococcus_sp	oilspill	1e-06	EX_glyb_e	-0.03349025592759333	0.1	glyb_e	import
2597	Rhodococcus_sp	oilspill	1e-06	EX_akg_e	99.82032007971225	0.1	akg_e	export
2598	Rhodococcus_sp	oilspill	1e-06	EX_meoh_e	0.06698051185514942	0.1	meoh_e	export
2606	Rhodococcus_sp	oilspill	1e-06	EX_glyclt_e	0.0005296493151263348	0.1	glyclt_e	export
2609	Rhodococcus_sp	oilspill	1e-06	EX_glu__L_e	-100.0	0.1	glu__L_e	import
2610	Rhodococcus_sp	oilspill	1e-06	EX_fe2_e	-0.0014632892297186118	0.1	fe2_e	import
2611	Rhodococcus_sp	oilspill	1e-06	EX_pac_e	-75.60947208196694	0.1	pac_e	import
2618	Rhodococcus_sp	oilspill	1e-06	EX_4abz_e	-0.0005296493151263338	0.1	4abz_e	import
2620	Rhodococcus_sp	oilspill	1e-06	EX_h2o_e	177.57550890975654	0.1	h2o_e	export
2621	Rhodococcus_sp	oilspill	1e-06	EX_his__L_e	-0.020644690251970133	0.1	his__L_e	import
2626	Rhodococcus_sp	oilspill	1e-06	EX_lac__L_e	81.08547794721903	0.1	lac__L_e	export
2628	Rhodococcus_sp	oilspill	1e-06	EX_xan_e	100.0	0.1	xan_e	export
2632	Rhodococcus_sp	oilspill	1e-06	EX_pyr_e	-100.0	0.1	pyr_e	import
2638	Rhodococcus_sp	oilspill	1e-06	EX_o2_e	-0.03349025592759333	0.1	o2_e	import
2642	Rhodococcus_sp	oilspill	1e-06	EX_gthox_e	50.0	0.1	gthox_e	export
2645	Rhodococcus_sp	oilspill	1e-06	EX_phe__L_e	-0.04037174670713739	0.1	phe__L_e	import
2653	Rhodococcus_sp	oilspill	1e-06	EX_nh4_e	-19.397079061169734	0.1	nh4_e	import
2655	Rhodococcus_sp	oilspill	1e-06	EX_gthrd_e	-100.0	0.1	gthrd_e	import
2656	Rhodococcus_sp	oilspill	1e-06	EX_adn_e	-4.8594713121019595e-05	0.1	adn_e	import
2667	Rhodococcus_sp	oilspill	1e-06	EX_fol_e	0.00038386517610433657	0.1	fol_e	export
2668	Rhodococcus_sp	oilspill	1e-06	EX_mg2_e	-0.0018903997122379224	0.1	mg2_e	import
2670	Rhodococcus_sp	oilspill	1e-06	EX_ala__L_e	-100.0	0.1	ala__L_e	import
2673	Rhodococcus_sp	oilspill	1e-06	EX_bz_e	-2.1791351173305884e-05	0.1	bz_e	import
2675	Rhodococcus_sp	oilspill	1e-06	EX_cys__L_e	0.0019022591606017158	0.1	cys__L_e	export
2677	Rhodococcus_sp	oilspill	1e-06	EX_gua_e	0.09017848812471335	0.1	gua_e	export
2680	Rhodococcus_sp	oilspill	1e-06	EX_cobalt2_e	-2.1791351173305884e-05	0.1	cobalt2_e	import
2688	Rhodococcus_sp	oilspill	1e-06	EX_ile__L_e	-0.06331019458107948	0.1	ile__L_e	import
2692	Rhodococcus_sp	oilspill	1e-06	EX_glc__D_e	-12.271628322286716	0.1	glc__D_e	import
2693	Rhodococcus_sp	oilspill	1e-06	EX_idon__L_e	-100.0	0.1	idon__L_e	import
2695	Rhodococcus_sp	oilspill	1e-06	EX_leu__L_e	-0.09817679224727272	0.1	leu__L_e	import
2703	Rhodococcus_sp	oilspill	1e-06	EX_pacald_e	75.60947208196694	0.1	pacald_e	export
2707	Rhodococcus_sp	oilspill	1e-06	EX_man1p_e	95.00638810214957	0.1	man1p_e	export
2710	Rhodococcus_sp	oilspill	1e-06	EX_glcn_e	99.94115202039396	0.1	glcn_e	export
2712	Rhodococcus_sp	oilspill	1e-06	EX_pro__L_e	-0.048170871283446104	0.1	pro__L_e	import
2713	Rhodococcus_sp	oilspill	1e-06	EX_thym_e	-0.005772311006026598	0.1	thym_e	import
2715	Rhodococcus_sp	oilspill	1e-06	EX_pi_e	-95.17768838814436	0.1	pi_e	import
2717	Rhodococcus_sp	oilspill	1e-06	EX_thr__L_e	-0.0552818249906295	0.1	thr__L_e	import
2719	Rhodococcus_sp	oilspill	1e-06	EX_xtsn_e	-100.0	0.1	xtsn_e	import
2723	Rhodococcus_sp	oilspill	1e-06	EX_arg__L_e	-0.06445707339207729	0.1	arg__L_e	import
2724	Rhodococcus_sp	oilspill	1e-06	EX_asn__L_e	-0.052529141513332434	0.1	asn__L_e	import
2729	Rhodococcus_sp	oilspill	1e-06	EX_so4_e	-0.00094530881285948	0.1	so4_e	import
2731	Rhodococcus_sp	oilspill	1e-06	EX_abt__L_e	-37.93088658027341	0.1	abt__L_e	import
2739	Rhodococcus_sp	oilspill	1e-06	EX_thm_e	-4.8594713064176176e-05	0.1	thm_e	import
2741	Rhodococcus_sp	oilspill	1e-06	EX_cl_e	-0.001134239827251804	0.1	cl_e	import
2742	Rhodococcus_sp	oilspill	1e-06	EX_fe3_e	-0.0017014686977461224	0.1	fe3_e	import
2744	Rhodococcus_sp	oilspill	1e-06	EX_ser__D_e	-100.0	0.1	ser__D_e	import
2745	Rhodococcus_sp	oilspill	1e-06	EX_but_e	0.09233823553370257	0.1	but_e	export
2746	Rhodococcus_sp	oilspill	1e-06	EX_h2o2_e	-50.0	0.1	h2o2_e	import
2751	Rhodococcus_sp	oilspill	1e-06	EX_id3acald_e	-0.012386857733872603	0.1	id3acald_e	import
2755	Rhodococcus_sp	oilspill	1e-06	EX_orn_e	0.06445707339207729	0.1	orn_e	export
2759	Rhodococcus_sp	oilspill	1e-06	EX_ala__D_e	127.51278035527164	0.1	ala__D_e	export
2768	Rhodococcus_sp	oilspill	1e-06	EX_arab__L_e	37.93088658027341	0.1	arab__L_e	export
2770	Rhodococcus_sp	oilspill	1e-06	EX_h2co3_e	106.12122819722845	0.1	h2co3_e	export
2773	Rhodococcus_sp	oilspill	1e-06	EX_glcur_e	-100.0	0.1	glcur_e	import
2776	Rhodococcus_sp	oilspill	1e-06	EX_ca2_e	-0.0011342398273654908	0.1	ca2_e	import
2780	Rhodococcus_sp	oilspill	1e-06	EX_cu2_e	-0.00015450066394850096	0.1	cu2_e	import
2781	Rhodococcus_sp	oilspill	1e-06	EX_k_e	-0.04253519204920905	0.1	k_e	import
2786	Rhodococcus_sp	oilspill	1e-06	EX_ser__L_e	214.33654491314223	0.1	ser__L_e	export
2788	Rhodococcus_sp	oilspill	1e-06	EX_gly_e	-24.17264992896662	0.1	gly_e	import
2790	Rhodococcus_sp	oilspill	1e-06	EX_mal__L_e	-100.0	0.1	mal__L_e	import
2792	Rhodococcus_sp	oilspill	1e-06	EX_fum_e	111.3496381775326	0.1	fum_e	export
2794	Rhodococcus_sp	oilspill	1e-06	EX_h2s_e	-0.05552314736678454	0.1	h2s_e	import
2798	Rhodococcus_sp	oilspill	1e-06	EX_glyc__R_e	-100.0	0.1	glyc__R_e	import
2801	Rhodococcus_sp	oilspill	1e-06	EX_mn2_e	-0.00015057823644326618	0.1	mn2_e	import
2802	Rhodococcus_sp	oilspill	1e-06	EX_zn2_e	-7.430850742196071e-05	0.1	zn2_e	import
2806	Rhodococcus_sp	oilspill	1e-06	EX_uri_e	-0.03728957800046828	0.1	uri_e	import
2807	Rhodococcus_sp	oilspill	1e-06	EX_btoh_e	-0.09233823553358889	0.1	btoh_e	import
2808	Rhodococcus_sp	oilspill	1e-06	EX_dha_e	-16.2033803004108	0.1	dha_e	import
2809	Rhodococcus_sp	oilspill	1e-06	EX_pydxn_e	8.812925516266644e-05	0.1	pydxn_e	export
2810	Rhodococcus_sp	oilspill	1e-06	EX_2dhglcn_e	0.05884797960607102	0.1	2dhglcn_e	export
2818	Rhodococcus_sp	oilspill	1e-06	EX_lys__L_e	-0.07477941851807487	0.1	lys__L_e	import
2820	Rhodococcus_sp	oilspill	1e-06	EX_succ_e	0.0004528242768628843	0.1	succ_e	export
2823	Rhodococcus_sp	oilspill	1e-06	EX_co2_e	-100.0	0.1	co2_e	import
2828	Rhodococcus_sp	oilspill	1e-06	EX_tyr__L_e	-0.03004940158109548	0.1	tyr__L_e	import
2830	Rhodococcus_sp	oilspill	1e-06	EX_h_e	-52.818218690489076	0.1	h_e	import
2835	Rhodococcus_sp	oilspill	1e-06	EX_uaagmda_e	-0.02179135114948849	0.1	uaagmda_e	import
2841	Rhodococcus_sp	oilspill	1e-06	EX_quin_e	0.03985763221237448	0.1	quin_e	export
